<?xml version="1.0" encoding="UTF-8"?>
  <!DOCTYPE mapper
  PUBLIC "-//mybatis.org//DTD Mapper 3.0//EN"
  "http://mybatis.org/dtd/mybatis-3-mapper.dtd">

<mapper namespace="certReason">
	
	<!-- List -->
	<select id="list" resultType="CertReason">
		select * from CERT_REASON
	</select>
	
	<select id="item" resultType="CertReason">
		select * from CERT_REASON
		where CERT_REASON_ID = #{certReasonId}
	</select>

	<!-- 생성 -->
	<insert id="add">
		insert into CERT_REASON
		values(null,#{certReasonName},#{certReasonImage},#{certReasonInfo});
	</insert>
	
	<!-- 수정 -->
	<update id="update">
		update CERT_REASON
		set
		CERT_REASON_NAME = #{certReasonName},
		CERT_REASON_IMAGE = #{certReasonImage},
		CERT_REASON_INFO = #{certReasonInfo}
		where 
		CERT_REASON_ID = #{certReasonId}
	</update>
	
	<!-- 삭제 -->
	<delete id="delete">
		delete from CERT_REASON
		where CERT_REASON_ID = #{certReasonId}
	</delete>
	
	<!--대량 처리 -->
	<select id="list_pager" resultType="CertReason">
		SELECT * FROM (<include refid="search"></include>) M		
		LIMIT #{offset}, #{perPage}
	</select>
	
	<sql id="search">
		select * from CERT_REASON
		<where>
			<if test="(search == 'total' or search == 'certReasonId') and keyword != ''">OR CERT_REASON_ID like #{searchKeyword}</if>
			<if test="(search == 'total' or search == 'certReasonName') and keyword != ''">OR CERT_REASON_NAME like #{searchKeyword}</if>			
		</where>
	</sql>
	

	<update id="update_list">
		Insert into CERT_REASON
		values
		<foreach collection="list" item="item" separator=",">
			(#{item.certReasonId},#{item.certReasonName},#{item.certReasonImage},#{item.certReasonInfo})
		</foreach>
		on duplicate key update
		CERT_REASON_NAME = VALUES(CERT_REASON_NAME),
		CERT_REASON_IMAGE = VALUES(CERT_REASON_IMAGE),
		CERT_rEASON_INFO = VALUES(CERT_rEASON_INFO)
		
	</update>

	<insert id="insert_list">
		INSERT INTO CERT_REASON
		VALUES
		<foreach collection="list" item="item" separator=",">
			(null, #{item.certReasonName},#{item.certReasonImage},#{item.certReasonInfo})
		</foreach>
	</insert>

	<delete id="delete_list">		
		DELETE FROM  CERT_REASON		
		WHERE CERT_REASON_ID in (
		<foreach collection="list" item="item" separator=",">
				#{item.certReasonId}
		</foreach>
		)		
	</delete>

	<select id="total" resultType="float">
		select COUNT(*) from (<include refid="search"></include>) M		
	</select>

	<select id="comboList" resultType="ComboItem">
		SELECT "0" AS "table",
		PRODUCT_ID AS "id", PRODUCT_NAME AS "text"
		from PRODUCT
		UNION
		SELECT "1"  AS "table",
		CERT_REASON_ID AS "id", CERT_REASON_NAME AS "text"
		from CERT_REASON	
	</select>
	
</mapper>