<?xml version="1.0" encoding="UTF-8"?>
  <!DOCTYPE mapper
  PUBLIC "-//mybatis.org//DTD Mapper 3.0//EN"
  "http://mybatis.org/dtd/mybatis-3-mapper.dtd">

<mapper namespace="classify">
	
	<!-- List -->
	<select id="list" resultType="Classify">
		select
		TOP_CLASS_ID as "primaryId",
		cast('0' as signed) as "foreginId",
		TOP_CLASS_NAME as "name",
		cast('1' as signed) as "table"
		from
		TOP_CLASS
		union
		select
		MID_CLASS_ID as "primaryId",
		TOP_CLASS_ID as "foreginId",
		MID_CLASS_NAME as "name",
		cast('2' as signed) as "table"
		from        
		MID_CLASS
		union
		select
		BOT_CLASS_ID as "primaryId",
		MID_CLASS_ID as "foreginId",
		BOT_CLASS_NAME as "name",
		cast('3' as signed) as "table"
		from
		BOT_CLASS;
	</select>
	
	<select id="topClassList" resultType="Classify">
		select
		TOP_CLASS_ID as primaryId,
		TOP_CLASS_NAME as name,
		TOP_CLASS_CODE as code
		from
		TOP_CLASS

	</select>

	<select id="midClassList" resultType="Classify">
		select
		MID_CLASS_ID as primaryId,
		TOP_CLASS_ID as foreginId,
		MID_CLASS_NAME as name,
		MID_CLASS_CODE as code
		from
		MID_CLASS
	</select>

	<select id="botClassList" resultType="Classify">
		select
		BOT_CLASS_ID as primaryId,
		MID_CLASS_ID as foreginId,
		BOT_CLASS_NAME as name,
		BOT_CLASS_CODE as code
		from
		BOT_CLASS	
	</select>
	
	
	<!-- 생성 -->
	<insert id="topAdd">
		insert into TOP_CLASS
		values(#{primaryId},#{name});
	</insert>
	
	<insert id="midAdd">
		insert into MID_CLASS
		values(#{primaryId},#{foreginId},#{name})
	</insert>
	
	<insert id="botAdd">
		insert into BOT_CLASS
		values(#{primaryId},#{foreginId},#{name})
	</insert>
	
	
	<!-- 수정 -->
	<update id="topUpdate">
		update TOP_CLASS
		set 
		TOP_CLASS_NAME = #{name}	
		where TOP_CLASS_ID = #{primaryId}
	</update>
	
	<update id="midUpdate">
		update MID_CLASS
		set
		TOP_CLASS_ID = #{foreginId},
		MID_CLASS_NAME = #{name}	
		where MID_CLASS_ID = #{primaryId}
	</update>
	
	<update id="botUpdate">
		update BOT_CLASS
		set
		MID_CLASS_ID = #{foreginId},
		BOT_CLASS_NAME = #{name}	
		where BOT_CLASS_ID = #{primaryId}
	</update>
	
	
	<!-- 삭제 -->
	<delete id="topDelete">
		delete from TOP_CLASS
		where TOP_CLASS_ID = #{primaryId}
	</delete>
	
	<delete id="midDelete">
		delete from MID_CLASS
		where MID_CLASS_ID = #{primaryId}
	</delete>
	
	<delete id="botDelete">
		delete from BOT_CLASS
		where BOT_CLASS_ID = #{primaryId}
	</delete>
	
	<select id="category" resultMap="classifyMap">
		select 
		t.*,
		m.MID_CLASS_ID,
		m.MID_CLASS_NAME from TOP_CLASS t
		left join MID_CLASS m 
		on m.TOP_CLASS_ID = t.TOP_CLASS_ID
	</select>
	
	<resultMap type="productCategoryList" id="classifyMap" autoMapping="true">
		<id column="TOP_CLASS_ID" property="productCategoryId"/>
		<result column="TOP_CLASS_NAME" property="productCategoryName"/>
		<collection property="midList"  column="TOP_CLASS_ID" ofType="Classify" javaType="ArrayList">
		<id column="MID_CLASS_ID" property="primaryId"/>
		<result column="MID_CLASS_NAME" property="name"/>				
	</collection>	
	</resultMap>
	
	
	
	
	
	
	
	
	
	
	
	
</mapper>