<?xml version="1.0" encoding="UTF-8"?>
<!DOCTYPE mapper PUBLIC "-//mybatis.org//DTD Mapper 3.0//EN" "http://mybatis.org/dtd/mybatis-3-mapper.dtd" >
<mapper namespace="forest">
  <select id="list" resultType="Forest">
	SELECT * FROM FOREST
  </select>
  
  <select id="item" resultType="Forest">
  	SELECT * FROM FOREST
  </select>
  
  <insert id="add">
  	INSERT INTO FOREST
  	VALUES (#{forestId}, #{forestName}, #{forestImage}, #{forestInfo})
  </insert>
  
  <update id="update">
  	UPDATE FOREST
  	SET FOREST_ID=#{forestId}, FOREST_NAME=#{forestName}, FOREST_IMAGE=#{forestImage}, FOREST_INFO=#{forestInfo}
  	WHERE FOREST_ID=#{forestId}
  </update>
  
  <delete id="delete">
  	DELETE FROM FOREST
  	WHERE FOREST_ID=#{forestId}
  </delete>
  
  <!--대량 처리 -->
	<select id="list_pager" resultType="Forest">
		SELECT * FROM (<include refid="search"></include>) M 		
		LIMIT #{offset}, #{perPage}
	</select>
	
	<sql id="search">
		select * from FOREST
		<where>
			<if test="(search == 'total' or search == 'forestId') and keyword != ''">OR FOREST_ID like #{searchKeyword}</if>
			<if test="(search == 'total' or search == 'forestName') and keyword != ''">OR FOREST_NAME like #{searchKeyword}</if>
		</where>
	</sql>

	<select id="update_list" resultType="Forest">
		Insert into FOREST
		values
		<foreach collection="list" item="item" separator=",">
			(#{item.forestId},#{item.forestName},#{item.forestImage},#{item.forestInfo})
		</foreach>
		on duplicate key update
		FOREST_NAME = VALUES(FOREST_NAME)
		,FOREST_IMAGE = VALUES(FOREST_IMAGE)
		,FOREST_INFO = VALUES(FOREST_INFO)
		
	
	</select>

	<insert id="insert_list">
		INSERT INTO FOREST
		VALUES
		<foreach collection="list" item="item" separator="," index="index">
			(
			#{item.forestId}
			,#{item.forestName}
			,#{item.forestImage}
			,#{item.forestInfo}
			)
		</foreach>
	</insert>

	<delete id="delete_list">		
		DELETE FROM  FOREST		
		WHERE FOREST_ID in (
		<foreach collection="list" item="item" separator=",">
				(#{item.forestId})
		</foreach>
		)		
	</delete>

	<select id="total" resultType="float">
		select COUNT(*) from (<include refid="search"></include>) M 
	</select>
</mapper>
