<?xml version="1.0" encoding="UTF-8"?>
<!DOCTYPE mapper PUBLIC "-//mybatis.org//DTD Mapper 3.0//EN" "http://mybatis.org/dtd/mybatis-3-mapper.dtd" >
<mapper namespace="history">
	<select id="list" resultType="History">
		SELECT * FROM HISTORY
	</select>
	
	<select id="item" resultType="History">
		SELECT * FROM HISTORY
		WHERE HISTORY_ID = #{historyId}
	</select>
	
	<insert id="add">
		INSERT INTO HISTORY
		VALUES (
		(SELECT IFNULL(MAX(B.HISTORY_ID) + 1,  1) FROM HISTORY B where user_id = #{userId})
		,#{userId}
		,#{productId}
		,now()
		,#{historyComment}
		)
	</insert>
	
	<update id="update">
		UPDATE HISTORY
		SET HISTORY_ID=#{historyId}, 
			USER_ID=#{userId},
			PRODUCT_ID=#{productId},
			HISTORY_DATETIME=#{historyDateTime},
			HISTORY_COMMENT=#{historyComment}
		WHERE HISTORY_ID=#{historyId}
	</update>
	
	<delete id="delete">
		DELETE FROM HISTORY
		WHERE HISTORY_ID=#{historyId}
	</delete>
	
	<!--대량 처리 -->
	<select id="list_pager" resultType="History">
		SELECT * FROM (<include refid="search"></include>) M		
		LIMIT #{offset}, #{perPage}
	</select>
	
	<sql id="search">
		select * from HISTORY
		<where>
			<if test="(search == 'total' or search == 'historyId') and keyword != ''">OR HISTORY_ID like #{searchKeyword}</if>
			<if test="(search == 'total' or search == 'userId') and keyword != ''">OR USER_ID like #{searchKeyword}</if>
			<if test="(search == 'total' or search == 'productId') and keyword != ''">OR PRODUCT_ID IN (SELECT PRODUCT_ID FROM PRODUCT WHERE PRODUCT_NAME like #{searchKeyword})</if>
		</where>
	</sql>

	<select id="update_list" resultType="History">
		Insert into HISTORY
		values
		<foreach collection="list" item="item" separator=",">
			(#{item.historyId},#{item.userId},#{item.productId},#{item.historyDatetime},#{item.historyComment})
		</foreach>
		on duplicate key update
		PRODUCT_ID = VALUES(PRODUCT_ID),		
		HISTORY_DATETIME = VALUES(HISTORY_DATETIME),
		HISTORY_COMMENT = VALUES(HISTORY_COMMENT)
	</select>

	<insert id="insert_list">
		INSERT INTO HISTORY
		VALUES
		<foreach collection="list" item="item" separator="," index="index">
			(
			(SELECT IFNULL(MAX(HISTORY_ID) + (1+#{index}),  (1+#{index})) FROM HISTORY B where user_id = #{item.userId})
			,#{item.userId}
			,#{item.productId}
			,#{item.historyDatetime}
			,#{item.historyComment}
			)
		</foreach>
	</insert>

	<delete id="delete_list">		
		DELETE FROM  HISTORY		
		WHERE (HISTORY_ID,USER_ID) in (
		<foreach collection="list" item="item" separator=",">
				(#{item.historyId},#{item.userId})
		</foreach>
		)		
	</delete>

	<select id="total" resultType="float">
		select COUNT(*) from (<include refid="search"></include>) M	
	</select>

	<select id="combo" resultType="ComboItem">
		SELECT "0" AS "table",
		USER_ID AS "id", USER_ID AS "text"
		FROM USER
		UNION
		SELECT "1" AS "table",
		PRODUCT_ID AS "id", PRODUCT_NAME AS "text"
		FROM PRODUCT
	</select>
</mapper>
