<?xml version="1.0" encoding="UTF-8"?>
  <!DOCTYPE mapper
  PUBLIC "-//mybatis.org//DTD Mapper 3.0//EN"
  "http://mybatis.org/dtd/mybatis-3-mapper.dtd">

<mapper namespace="inven">

	<select id="list" resultType="Inven">
		SELECT * FROM INVEN
	</select>


	<select id="item" resultType="Inven">
		SELECT * FROM INVEN
		WHERE USER_ID =#{userId} and PLANT_ID=#{plantId} 
	</select>

	<insert id="add">
		INSERT INTO INVEN
		VALUES (#{userId},
				#{plantId},
				#{invenAmount})
	</insert>

	<update id="update">
		UPDATE INVEN
		SET USER_ID=#{userId}, 
			PLANT_ID=#{plantId},
			INVEN_AMOUNT=#{plantAmount}
		WHERE USER_ID =#{userId} and PLANT_ID=#{plantId}
	</update>

	<delete id="delete">
		DELETE FROM INVEN
		WHERE USER_ID =#{userId} and PLANT_ID=#{plantId} 
	</delete>

	<select id="list_userId" resultType="Inven">
		SELECT i.*, p.PLANT_ID, p.PLANT_THUMBNAIL, p.PLANT_SHADOW,p.PLANT_CATEGORY FROM INVEN i
		natural join plant p
		where USER_ID = #{userId}
	</select>
	
	<!--대량 처리 -->
	<select id="list_pager" resultType="Inven">
		<include refid="search"></include>
		LIMIT #{offset}, #{perPage}
	</select>
	
	<sql id="search">
		SELECT i.*, p.PLANT_NAME FROM INVEN i		
		JOIN PLANT p on p.PLANT_ID = i.PLANT_ID 
		<where>
			<if test="(search == 'total' or search == 'userId') and keyword != ''">OR USER_ID like #{searchKeyword}</if>
			<if test="(search == 'total' or search == 'plantName') and keyword != ''">OR PLANT_NAME like #{searchKeyword} </if>
		</where>
	</sql>
	
	

	<select id="update_list" resultType="Inven">
		Insert into INVEN
		values
		<foreach collection="list" item="item" separator=",">
			(#{item.userId},#{item.plantId},#{item.invenAmount})
		</foreach>
		on duplicate key update
		INVEN_AMOUNT = VALUES(INVEN_AMOUNT)
		
	
	</select>

	<insert id="insert_list">
		INSERT INTO INVEN
		VALUES
		<foreach collection="list" item="item" separator="," index="index">
			(
			#{item.userId}
			,#{item.plantId}
			,#{item.invenAmount}
			)
		</foreach>
	</insert>

	<delete id="delete_list">		
		DELETE FROM  INVEN		
		WHERE (USER_ID,PLANT_ID) in (
		<foreach collection="list" item="item" separator=",">
				(#{item.userId},#{item.plantId})
		</foreach>
		)		
	</delete>

	<select id="total" resultType="float">
		select COUNT(*) from (<include refid="search"></include>) M
	</select>

	<select id="combo" resultType="ComboItem">
		SELECT "0" AS "table",
		USER_ID AS "id", USER_ID AS "text"
		FROM USER
		UNION
		SELECT "1" AS "table",
		PLANT_ID AS "id", PLANT_NAME AS "text"
		FROM PLANT
	</select>
	
	<update id="countUp">		
		Insert into INVEN
		values
				(#{userId},#{plantId},1)
		on duplicate key update
		INVEN_AMOUNT = INVEN_AMOUNT+1
	</update>
	
	<update id="countDown">		
		update INVEN
		set 
		INVEN_AMOUNT = INVEN_AMOUNT-1
		where
		USER_ID = #{userId} 
		AND PLANT_ID = #{plantId}
	</update>
	
	<update id="countUp_list">
	Insert into INVEN
		values
		<foreach collection="list" item="item" separator="," >
				(#{item.userId},#{item.plantId},INVEN_AMOUNT+1)
		</foreach>
		on duplicate key update
		INVEN_AMOUNT = INVEN_AMOUNT+1
	</update>
	
	<update id="countDown_list">
	Insert into INVEN
		values
		<foreach collection="list" item="item" separator="," >
				(#{item.userId},#{item.plantId},INVEN_AMOUNT-1)
		</foreach>
		on duplicate key update
		INVEN_AMOUNT = INVEN_AMOUNT-1
		
	</update>
</mapper>