<?xml version="1.0" encoding="UTF-8"?>
<!DOCTYPE mapper PUBLIC "-//mybatis.org//DTD Mapper 3.0//EN" "http://mybatis.org/dtd/mybatis-3-mapper.dtd" >
<mapper namespace="location">
	<select id="list" resultType="Location">
		SELECT * FROM LOCATION
	</select>
	
	<!-- 특정 유저의 배치 정보 가져오기 -->
	<select id="item" resultType="Location">
		SELECT * FROM LOCATION
		WHERE USER_ID = #{userId}
	</select>
	
	
	
	<select id="list_userId" resultType="Location">
		select L.*, PL.PLANT_IMAGE from LOCATION L
		join PLANT_LEVEL PL ON PL.PLANT_ID = L.PLANT_ID
		WHERE USER_ID = #{userId} and PL.PLANT_LEVEL_ID = 5	
	</select>
	
	
	<insert id="add">
		INSERT INTO LOCATION
		VALUES (#{userId},#{locationId},#{plantId},#{locationSize},#{locationX},#{locationY},#{locationOrder})
	</insert>
		
	<!-- 	private String userId;
			private int locationId;
			private int plantId;
			private int locationSize;
			private int locationX;
			private int locationY;
			private int locationOrder;
	 -->
	
	<update id="update">
		UPDATE LOCATION
		SET USER_ID=#{userId},
			LOCATION_ID=#{locationId},
			PLANT_ID=#{plantId},
			LOCATION_SIZE=#{locationSize},
			LOCATION_X=#{locationX},
			LOCATION_Y=#{locationY},
			LOCATION_Order=#{locationOrder}
		WHERE USER_ID=#{userId}
	</update>
	
	<delete id="delete">
		DELETE FROM LOCATION
		WHERE USER_ID=#{userId}
	</delete>
	
	<!--대량 처리 -->
	<select id="list_pager" resultType="Location">
		SELECT * FROM (<include refid="search"></include>) M	
		LIMIT #{offset}, #{perPage}
	</select>

	<sql id="search">
		select * from LOCATION
		<where>
			<if test="(search == 'total' or search == 'locationId') and keyword != ''">OR LOCATION_ID like #{searchKeyword}</if>
			<if test="(search == 'total' or search == 'userId') and keyword != ''">OR USER_ID like #{searchKeyword}</if>
			<if test="(search == 'total' or search == 'plantId') and keyword != ''">OR PLANT_ID IN (SELECT PLANT_ID FROM PLANT WHERE PLANT_NAME like #{searchKeyword})</if>
		</where>
	</sql>

	<select id="update_list" resultType="Location">
		Insert into LOCATION
		values
		<foreach collection="list" item="item" separator=",">
			(#{item.locationId},#{item.userId},#{item.locationSize},#{item.locationX},#{item.locationY},#{item.locationOrder},#{item.plantId})
		</foreach>
		on duplicate key update
		LOCATION_SIZE = VALUES(LOCATION_SIZE)	
		, LOCATION_X = VALUES(LOCATION_X)
		, LOCATION_Y = VALUES(LOCATION_Y)
		, LOCATION_ORDER = VALUES(LOCATION_ORDER)
		, PLANT_ID = VALUES(PLANT_ID)
	
	</select>

	<insert id="insert_list">
		INSERT INTO LOCATION
		VALUES
		<foreach collection="list" item="item" separator="," index="index">
			(
			(SELECT IFNULL(MAX(B.LOCATION_ID) + (1+#{index}),  (1+#{index})) FROM LOCATION B where user_id = #{item.userId})
			,#{item.userId}
			,#{item.locationSize}
			,#{item.locationX}
			,#{item.locationY}
			,#{item.locationOrder}
			,#{item.plantId}
			)
		</foreach>
	</insert>

	<delete id="delete_list">		
		DELETE FROM  LOCATION		
		WHERE (LOCATION_ID,USER_ID) in (
		<foreach collection="list" item="item" separator=",">
				(#{item.locationId},#{item.userId})
		</foreach>
		)		
	</delete>

	<select id="total" resultType="float">
		select COUNT(*) from (<include refid="search"></include>) M
	</select>

	<select id="combo" resultType="ComboItem">
		SELECT "0" AS "table",
		USER_ID AS "id", USER_ID AS "text"
		FROM USER
		UNION
		SELECT "1" AS "table",
		PLANT_ID AS "id", PLANT_NAME AS "text"
		FROM PLANT
	</select>
</mapper>
