<?xml version="1.0" encoding="UTF-8"?>
  <!DOCTYPE mapper
  PUBLIC "-//mybatis.org//DTD Mapper 3.0//EN"
  "http://mybatis.org/dtd/mybatis-3-mapper.dtd">

<mapper namespace="midclass">
	
	<!--대량 처리 -->
	<select id="list_pager" resultType="MidClass">
		SELECT * FROM (<include refid="search"></include>) M	
		LIMIT #{offset}, #{perPage}
	</select>
	
	<sql id="search">
		select * from MID_CLASS
		<where>
			<if test="(search == 'total' or search == 'topClassId') and keyword != ''">OR TOP_CLASS_ID IN (select TOP_CLASS_ID from TOP_CLASS where TOP_CLASS_NAME  like #{searchKeyword})</if>
			<if test="(search == 'total' or search == 'midClassName') and keyword != ''">OR MID_CLASS_NAME  like #{searchKeyword}</if>
		</where>
	</sql>

	<update id="update_list" >
		Insert into Mid_CLASS
		values
		<foreach collection="list" item="item" separator=",">
			(#{item.midClassId},#{item.topClassId},#{item.midClassName})
		</foreach>
		on duplicate key update
		TOP_CLASS_ID = VALUES(TOP_CLASS_ID),
		MID_CLASS_NAME = VALUES(MID_CLASS_NAME)
		
		
	</update>

	<insert id="insert_list">
		INSERT INTO Mid_CLASS
		VALUES
		<foreach collection="list" item="item" separator=",">
			(#{item.midClassId},#{item.topClassId},#{item.midClassName})
		</foreach>
	</insert>

	<delete id="delete_list">		
		DELETE FROM  Mid_CLASS		
		WHERE MID_CLASS_ID in (
		<foreach collection="list" item="item" separator=",">
				#{item.midClassId}
		</foreach>
		)		
	</delete>

	<select id="total" resultType="float">
		select COUNT(*) from (<include refid="search"></include>) M	
	</select>

	<select id="combo" resultType="ComboItem">
		SELECT "0" AS "table",
		TOP_CLASS_ID AS "id", TOP_CLASS_NAME AS "text"
		from TOP_CLASS
		
	</select>
	
	<select id="item" resultType="MidClass">
		select * from MID_CLASS 
		where MID_CLASS_ID = #{midClassId}
	</select>
	
</mapper>