<?xml version="1.0" encoding="UTF-8"?>
  <!DOCTYPE mapper
  PUBLIC "-//mybatis.org//DTD Mapper 3.0//EN"
  "http://mybatis.org/dtd/mybatis-3-mapper.dtd">

<mapper namespace="productCertReason">
				   
	<!-- List -->
	<select id="list" resultType="ProductCertReason">
		select * from PRODUCT_CERT_REASON
	</select>

	<select id="item" resultType="ProductCertReason">
		select * from PRODUCT_CERT_REASON
		where PRODUCT_CERT_REASON_ID = #{productCertReasonId}
	</select>

	<!-- 생성 -->
	<insert id="add">
		insert into PRODUCT_CERT_REASON
		values(#{productCertReasonId},#{productId},#{certReasonId})
	</insert>

	<!-- 수정 -->
	<update id="update">
		update PRODUCT_CERT_REASON
		set
		CERT_REASON_ID =
		#{certReasonId}
		where
		PRODUCT_CERT_REASON_ID = #{productCertReasonId}
		and
		PRODUCT_ID = #{productId}
	</update>

	<!-- 삭제 -->
	<delete id="delete">
		delete from PRODUCT_CERT_REASON
		where
		PRODUCT_CERT_REASON_ID = #{productCertReasonId}
		and
		PRODUCT_ID =
		#{productId}
	</delete>

	<!--대량 처리 -->
	<select id="list_pager" resultType="ProductCertReason">
		SELECT * FROM (<include refid="search"></include>)	M
		LIMIT #{offset}, #{perPage}
	</select>
	
	<sql id="search">
		select * from PRODUCT_CERT_REASON
		<where>
			<if test="search == 'total' or search == 'productCertReasonId' and keyword != ''">OR PRODUCT_CERT_REASON_ID like #{searchKeyword}</if>
			<if test="search == 'total' or search == 'productId' and keyword != ''">OR PRODUCT_ID in (select PRODUCT_ID from PRODUCT where PRODUCT_NAME like #{searchKeyword})</if>
			<if test="search == 'total' or search == 'certReasonId' and keyword != ''">OR CERT_REASON_ID in (select CERT_REASON_ID from CERT_REASON where CERT_REASON_NAME like #{searchKeyword})</if>			
		</where>
	</sql>
	
	<select id="update_list">
		Insert into PRODUCT_CERT_REASON
		values
		<foreach collection="list" item="item" separator=",">
			(#{item.productCertReasonId},#{item.productId},#{item.certReasonId})
		</foreach>
		on duplicate key update
		PRODUCT_CERT_REASON_ID = VALUES(PRODUCT_CERT_REASON_ID),
		PRODUCT_ID = VALUES(PRODUCT_ID),
		CERT_REASON_ID = VALUES(CERT_REASON_ID)
		
	</select>

	<insert id="insert_list">
		INSERT INTO PRODUCT_CERT_REASON
		VALUES
		<foreach collection="list" item="item" separator=",">
			((select IFNULL(max(SUB.PRODUCT_CERT_REASON_ID)+1,1)  from PRODUCT_CERT_REASON AS SUB where SUB.PRODUCT_ID = #{item.productId}),#{item.productId},#{item.certReasonId})
		</foreach>
	</insert>

	<delete id="delete_list">		
		DELETE FROM  PRODUCT_CERT_REASON		
		WHERE (PRODUCT_ID,CERT_REASON_ID) in (
		<foreach collection="list" item="item" separator=",">
				(#{item.productId}, #{item.certReasonId})
		</foreach>
		)		
	</delete>

	<select id="total" resultType="float">
		select COUNT(*) from (<include refid="search"></include>)	M
	</select>

	<select id="combo" resultType="ComboItem">
		SELECT "0" AS "table",
		PRODUCT_ID AS "id", PRODUCT_NAME AS "text"
		from PRODUCT
		UNION
		SELECT "1"  AS "table",
		CERT_REASON_ID AS "id", CERT_REASON_NAME AS "text"
		from CERT_REASON	
	</select>
</mapper>