<?xml version="1.0" encoding="UTF-8"?>
  <!DOCTYPE mapper
  PUBLIC "-//mybatis.org//DTD Mapper 3.0//EN"
  "http://mybatis.org/dtd/mybatis-3-mapper.dtd">

<mapper namespace="randomMessage">

	<!--대량 처리 -->
	<select id="list_pager" resultType="RandomMessage">
		SELECT * FROM (<include refid="search"></include>) M		
		LIMIT #{offset}, #{perPage}
	</select>
	
	<sql id="search">
		select * from RANDOM_MESSAGE
		<where>
			<if test="(search == 'total' or search == 'randomMessageId') and keyword != ''">OR RANDOM_MESSAGE_ID like #{searchKeyword}</if>
			<if test="(search == 'total' or search == 'randomMessageCetegory') and keyword != ''">OR RANDOM_MESSAGE_CATEGORY like #{searchKeyword}</if>
			<if test="(search == 'total' or search == 'randomMessageText') and keyword != ''">OR RANDOM_MESSAGE_TEXT like #{searchKeyword}</if>
		</where>
	</sql>

	<select id="update_list" resultType="RandomMessage">
		Insert into RANDOM_MESSAGE
		values
		<foreach collection="list" item="item" separator=",">
			(#{item.randomMessageId},#{item.randomMessageCategory},#{item.randomMessageText})
		</foreach>
		on duplicate key update
		RANDOM_MESSAGE_CATEGORY = VALUES(RANDOM_MESSAGE_CATEGORY)
		, RANDOM_MESSAGE_TEXT = VALUES(RANDOM_MESSAGE_TEXT)
		
	</select>

	<insert id="insert_list">
		INSERT INTO RANDOM_MESSAGE
		VALUES
		<foreach collection="list" item="item" separator="," index="index">
			(
			#{item.randomMessageId}
			,#{item.randomMessageCategory}
			,#{item.randomMessageText}
			)
		</foreach>
	</insert>

	<delete id="delete_list">		
		DELETE FROM  RANDOM_MESSAGE		
		WHERE RANDOM_MESSAGE_ID in (
		<foreach collection="list" item="item" separator=",">
				#{item.randomMessageId}
		</foreach>
		)		
	</delete>

	<select id="total" resultType="float">
		select COUNT(*) from (<include refid="search"></include>) M	
	</select>

	<select id="item" resultType="String">
		select RANDOM_MESSAGE_TEXT from RANDOM_MESSAGE
		where RANDOM_MESSAGE_ID = #{stateId}
	</select>
	

</mapper>