<?xml version="1.0" encoding="UTF-8"?>
  <!DOCTYPE mapper
  PUBLIC "-//mybatis.org//DTD Mapper 3.0//EN"
  "http://mybatis.org/dtd/mybatis-3-mapper.dtd">

<mapper namespace="state">

	<!--대량 처리 -->
	<select id="list_pager" resultType="State">
		SELECT * FROM (<include refid="search"></include>) M		
		LIMIT #{offset}, #{perPage}
	</select>
	
	<sql id="search">
		select * from STATE
		<where>
			<if test="(search == 'total' or search == 'stateId') and keyword != ''">OR STATE_ID like #{searchKeyword}</if>
			<if test="(search == 'total' or search == 'stateName') and keyword != ''">OR STATE_NAME like #{searchKeyword}</if>
			<if test="(search == 'total' or search == 'stateMessage') and keyword != ''">OR STATE_Message like #{searchKeyword}</if>
		</where>
	</sql>

	<select id="update_list" resultType="State">
		Insert into STATE
		values
		<foreach collection="list" item="item" separator=",">
			(#{item.stateId},#{item.stateName},#{item.stateMessage})
		</foreach>
		on duplicate key update
		STATE_NAME = VALUES(STATE_NAME)
		, STATE_MESSAGE = VALUES(STATE_MESSAGE)
		
	</select>

	<insert id="insert_list">
		INSERT INTO STATE
		VALUES
		<foreach collection="list" item="item" separator="," index="index">
			(
			#{item.stateId}
			,#{item.stateName}
			,#{item.stateMessage}
			)
		</foreach>
	</insert>

	<delete id="delete_list">		
		DELETE FROM  STATE		
		WHERE STATE_ID in (
		<foreach collection="list" item="item" separator=",">
				#{item.stateId}
		</foreach>
		)		
	</delete>

	<select id="total" resultType="float">
		select COUNT(*) from (<include refid="search"></include>) M		
	</select>

	
	

</mapper>