<?xml version="1.0" encoding="UTF-8"?>
  <!DOCTYPE mapper
  PUBLIC "-//mybatis.org//DTD Mapper 3.0//EN"
  "http://mybatis.org/dtd/mybatis-3-mapper.dtd">

<mapper namespace="topclass">

	<!--대량 처리 -->
	<select id="list_pager" resultType="TopClass">
		SELECT * FROM (<include refid="search"></include>) M
		LIMIT
		#{offset}, #{perPage}
	</select>
	
	<sql id="search">
		select * from TOP_CLASS
		<where>
			<if test="(search == 'total' or search == 'topClassName') and keyword != ''">OR TOP_CLASS_NAME like #{searchKeyword}</if>
		</where>
	</sql>
	

	<update id="update_list">
		Insert into TOP_CLASS
		values
		<foreach collection="list" item="item" separator=",">
			(#{item.topClassId},#{item.topClassName})
		</foreach>
		on duplicate key update
		TOP_CLASS_NAME = VALUES(TOP_CLASS_NAME)


	</update>

	<insert id="insert_list">
		INSERT INTO TOP_CLASS
		VALUES
		<foreach collection="list" item="item" separator=",">
			(#{item.topClassId}, #{item.topClassName})
		</foreach>
	</insert>

	<delete id="delete_list">
		DELETE FROM TOP_CLASS
		WHERE TOP_CLASS_ID in (
		<foreach collection="list" item="item" separator=",">
			#{item.topClassId}
		</foreach>
		)
	</delete>

	<select id="total" resultType="float">
		select COUNT(*) from (<include refid="search"></include>) M
	</select>

	<select id="combo" resultType="ComboItem">
		SELECT "0" AS "table",
		POSITION_ID
		AS "id", POSITION_NAME AS "text"
		from POSITION
		UNION
		SELECT
		"1", depart_Id
		AS "id", depart_Name AS "text"
		from DEPARTMENT
		UNION
		SELECT "2",
		header_Id AS "id", header_Name AS "text"
		from HEADER;
	</select>

	<!-- VO 클래스 -->
	<select id="includMidClassList" resultMap="classifyMap">
		select
		t.*,
		m.MID_CLASS_ID,
		m.MID_CLASS_NAME from TOP_CLASS t
		left join
		MID_CLASS m
		on m.TOP_CLASS_ID = t.TOP_CLASS_ID
		where t.TOP_CLASS_ID > 0
	</select>

	<resultMap type="TopClassVO" id="classifyMap"
		autoMapping="true">
		<id column="TOP_CLASS_ID" property="topClassId" />

		<collection property="midList" autoMapping="true" column="TOP_CLASS_ID"
			ofType="MidClass" javaType="ArrayList">
			<id column="MID_CLASS_ID" property="midClassId" />
		</collection>
	</resultMap>

</mapper>