<?xml version="1.0" encoding="UTF-8"?>
  <!DOCTYPE mapper
  PUBLIC "-//mybatis.org//DTD Mapper 3.0//EN"
  "http://mybatis.org/dtd/mybatis-3-mapper.dtd">

<mapper namespace="bookmark">

	<select id="list" resultType="Bookmark">
		<!-- SELECT * FROM BOOKMARK -->
		SELECT b.*, p.PRODUCT_IMAGE, p.PRODUCT_NAME FROM BOOKMARK b
		NATURAL
		JOIN PRODUCT p
		where USER_ID = #{userId}
	</select>

	<select id="list_date" resultType="Bookmark">
		SELECT b.*, p.PRODUCT_IMAGE,
		p.PRODUCT_NAME FROM bookmark b
		NATURAL JOIN PRODUCT p
		where USER_ID =
		#{userId}
		order BY b.BOOKMARK_DATETIME desc;
	</select>

	<select id="list_name" resultType="Bookmark">
		SELECT b.*, p.PRODUCT_IMAGE,
		p.PRODUCT_NAME FROM BOOKMARK b
		NATURAL JOIN PRODUCT p
		where USER_ID =
		#{userId}
		order BY p.PRODUCT_NAME;
	</select>


	<select id="item" resultType="Bookmark">
		SELECT * FROM BOOKMARK
		WHERE
		PRODUCT_ID =#{productId} and USER_ID = #{userId}
	</select>

	<insert id="add">
		<!-- INSERT INTO USER VALUES (#{bookmarkId},#{userId}, #{bookmarkDatetime},null) -->

		INSERT INTO BOOKMARK
		VALUES (
		#{productId},
		#{userId},
		now(),
		#{companyId}
		)

		<!-- insert into bookmark values #{userId}, now(), #{productId} -->

	</insert>

	<update id="update">
		UPDATE USER
		SET
		BOOKMARK_DATETIME=#{bookmarkDatetime},
		WHERE PRODUCT_ID = #{productId} and USER_ID = #{userId}
	</update>

	<delete id="delete">
		DELETE FROM BOOKMARK
		WHERE PRODUCT_ID = #{productId}
		and USER_ID = #{userId}
	</delete>

	<!--대량 처리 -->
	<select id="list_pager" resultType="Bookmark">
		SELECT * FROM (
		<include refid="search"></include>
		) M
		LIMIT #{offset}, #{perPage}
	</select>

	<sql id="search">
		select b.*, p.PRODUCT_NAME, c.COMPANY_NAME from BOOKMARK b
		NATURAL JOIN PRODUCT p
		NATURAL JOIN COMPANY c
		<where>
			<if
				test="(search == 'total' or search == 'userId') and keyword != ''">OR USER_ID like #{searchKeyword}</if>
			<if
				test="(search == 'total' or search == 'productName') and keyword != ''">OR PRODUCT_NAME like #{searchKeyword}
			</if>
			<if
				test="(search == 'total' or search == 'companyId') and keyword != ''">OR COMPANY_ID like #{searchKeyword}
			</if>
		</where>
	</sql>

	<select id="update_list" resultType="Bookmark">
		Insert into BOOKMARK
		values
		<foreach collection="list" item="item" separator=",">
			(#{item.productId},#{item.userId},#{item.bookmarkDatetime})
		</foreach>
		on duplicate key update
		BOOKMARK_DATETIME =	VALUES(BOOKMARK_DATETIME),
		COMPANY_ID = VALUES(COMPANY_ID)
	</select>

	<insert id="insert_list">
		INSERT INTO BOOKMARK
		VALUES
		<foreach collection="list" item="item" separator=","
			index="index">
			(
			#{item.productId}
			,#{item.userId}
			,#{item.bookmarkDatetime}
			,(select c.COMPANY_ID from COMPANY c where c.COMPANY_ID = (select p.COMPANY_ID from PRODUCT p where p.PRODUCT_ID = #{item.productId}))
			)
		</foreach>
	</insert>

	<delete id="delete_list">
		DELETE FROM BOOKMARK
		WHERE (PRODUCT_ID,USER_ID) in (
		<foreach collection="list" item="item" separator=",">
			(#{item.productId},#{item.userId})
		</foreach>
		)
	</delete>

	<select id="total" resultType="float">
		select COUNT(*) from (
		<include refid="search"></include>
		) M
	</select>

	<select id="combo" resultType="ComboItem">
		SELECT "0" AS "table",
		PRODUCT_ID
		AS "id", PRODUCT_NAME AS "text"
		FROM PRODUCT
		UNION
		SELECT "1" AS "table",
		USER_ID AS "id", USER_ID AS "text"
		FROM USER

	</select>


</mapper>