<?xml version="1.0" encoding="UTF-8"?>
  <!DOCTYPE mapper
  PUBLIC "-//mybatis.org//DTD Mapper 3.0//EN"
  "http://mybatis.org/dtd/mybatis-3-mapper.dtd">

<mapper namespace="botclass">
	<select id="list" resultType="BotClass">
		SELECT * FROM (<include refid="search"></include>) M
	</select>
	
	<sql id="search">
		select * from BOT_CLASS
		<where>
			<if test="(search == 'total' or search == 'midClassId') and keyword != ''">OR MID_CLASS_ID IN (select MID_CLASS_ID from MID_CLASS where MID_CLASS_NAME  like #{searchKeyword})</if>
			<if test="(search == 'total' or search == 'botClassName') and keyword != ''">OR BOT_CLASS_NAME  like #{searchKeyword}</if>
		</where>
	</sql>
	
	<!--대량 처리 -->
	<select id="list_pager" resultType="BotClass">
		SELECT * FROM (<include refid="search"></include>) M	
		LIMIT #{offset}, #{perPage}
	</select>

	<update id="update_list">
		Insert into BOT_CLASS
		values
		<foreach collection="list" item="item" separator=",">
			(#{item.botClassId},#{item.midClassId},#{item.botClassName})
		</foreach>
		on duplicate key update
		MID_CLASS_ID = VALUES(MID_CLASS_ID),
		BOT_CLASS_NAME = VALUES(BOT_CLASS_NAME)
		
		
	</update>

	<insert id="insert_list">
		INSERT INTO BOT_CLASS
		VALUES
		<foreach collection="list" item="item" separator=",">
			(#{item.botClassId},#{item.midClassId},#{item.botClassName})
		</foreach>
	</insert>

	<delete id="delete_list">		
		DELETE FROM  BOT_CLASS		
		WHERE BOT_CLASS_ID in (
		<foreach collection="list" item="item" separator=",">
				#{item.botClassId}
		</foreach>
		)		
	</delete>

	<select id="total" resultType="float">
		select COUNT(*) from (<include refid="search"></include>) M	
	</select>

	<select id="combo" resultType="ComboItem">
		SELECT "0" AS "table",
		MID_CLASS_ID AS "id", MID_CLASS_NAME AS "text"
		from Mid_CLASS
		
	</select>
	
</mapper>