<?xml version="1.0" encoding="UTF-8"?>
  <!DOCTYPE mapper
  PUBLIC "-//mybatis.org//DTD Mapper 3.0//EN"
  "http://mybatis.org/dtd/mybatis-3-mapper.dtd">

<mapper namespace="cert">
	
	<!-- List -->
	<select id="list" resultType="Cert">
		select * from CERT
	</select>
	
	<select id="item" resultType="Cert">
		select * from CERT
		where CERT_ID = #{certId}
	</select>

	<!-- 생성 -->
	<insert id="add">
		insert into CERT
		values(null,#{certName},#{certImage},#{certInfo});
	</insert>
	
	<!-- 수정 -->
	<update id="update">
		update CERT
		set
		CERT_NAME = #{certName},
		CERT_IMAGE = #{certImage},
		CERT_INFO = #{certInfo}
		where 
		CERT_ID = #{certId}
	</update>
	
	<!-- 삭제 -->
	<delete id="delete">
		delete from CERT
		where CERT_ID = #{certId}
	</delete>
	
	
	
	<!--대량 처리 -->
	<select id="list_pager" resultType="Cert">
		SELECT m.* FROM (<include refid="search"></include>) m		
		LIMIT #{offset}, #{perPage}
	</select>
	
	<sql id="search">
		select * from CERT
		<where>
			<if test="search == 'total' or search == 'certName' and keyword != ''">OR CERT_NAME like #{searchKeyword}</if>
			<if test="search == 'certId' and keyword != ''">OR CERT_ID like #{searchKeyword}</if>			
		</where>
	</sql>

	<select id="update_list" resultType="Cert">
		Insert into CERT
		values
		<foreach collection="list" item="item" separator=",">
			(#{item.certId},#{item.certName},#{item.certImage},#{item.certInfo})
		</foreach>
		on duplicate key update
		CERT_NAME = VALUES(CERT_NAME),
		CERT_IMAGE = VALUES(CERT_IMAGE),
		CERT_INFO = VALUES(CERT_INFO)
		
	</select>

	<insert id="insert_list">
		INSERT INTO CERT
		VALUES
		<foreach collection="list" item="item" separator=",">
			(null, #{item.certName},#{item.certImage},#{item.certInfo})
		</foreach>
	</insert>

	<delete id="delete_list">		
		DELETE FROM  CERT		
		WHERE CERT_ID in (
		<foreach collection="list" item="item" separator=",">
				#{item.certId}
		</foreach>
		)		
	</delete>

	<select id="total" resultType="float">
		select COUNT(*) from (<include refid="search"></include>) m		
	</select>

	<select id="combo" resultType="ComboItem">
		SELECT "0" AS "table",
		POSITION_ID AS "id", POSITION_NAME AS "text"
		from POSITION
		UNION
		SELECT
		"1", depart_Id AS "id", depart_Name AS "text"
		from DEPARTMENT
		UNION
		SELECT "2", header_Id AS "id", header_Name AS "text"
		from HEADER;
	</select>
	
</mapper>