<?xml version="1.0" encoding="UTF-8"?>
  <!DOCTYPE mapper
  PUBLIC "-//mybatis.org//DTD Mapper 3.0//EN"
  "http://mybatis.org/dtd/mybatis-3-mapper.dtd">

<mapper namespace="notice">

	<select id="list" resultType="Notice">
		SELECT * FROM NOTICE
	</select>


	<select id="item" resultType="Notice">
		SELECT * FROM NOTICE
		WHERE NOTICE_ID=#{noticeId}
	</select>

	<insert id="add">
		INSERT INTO NOTICE
		VALUES (#{noticeId},#{noticeTitle},
		#{noticeContent}, #{noticeDate})
	</insert>
	
	<update id="update">
		UPDATE NOTICE
		SET NOTICE_ID=#{noticeId},
			NOTICE_TITLE=#{noticeTitle},
			NOTICE_CONTENT=#{noticeContent},
			NOTICE_DATE=#{noticeDate}
		WHERE NOTICE_ID=#{noticeId}
	</update>

	<delete id="delete">
		DELETE FROM NOTICE
		WHERE NOTICE_ID=#{noticeId}
	</delete>

	<!--대량 처리 -->
	<select id="list_pager" resultType="Notice">
		SELECT * FROM (<include refid="search"></include>) M		
		LIMIT #{offset}, #{perPage}
	</select>
	
	<sql id="search">
		select * from NOTICE
		<where>
			<if test="(search == 'total' or search == 'NoticeId') and keyword != ''">OR NOTICE_ID like #{searchKeyword}</if>
			<if test="(search == 'total' or search == 'NoticeTitle') and keyword != ''">OR NOTICE_TITLE like #{searchKeyword}</if>
		</where>
	</sql>
	
	<select id="update_list" resultType="Notice">
		Insert into NOTICE
		values
		<foreach collection="list" item="item" separator=",">
			(#{item.noticeId},#{item.noticeTitle},#{item.noticeDate},#{item.noticeContent})
		</foreach>
		on duplicate key update
		NOTICE_TITLE = VALUES(NOTICE_TITLE)
		, NOTICE_DATE = VALUES(NOTICE_DATE)
		, NOTICE_CONTENT = VALUES(NOTICE_CONTENT)
		
	</select>

	<insert id="insert_list">
		INSERT INTO NOTICE
		VALUES
		<foreach collection="list" item="item" separator="," index="index">
			(
			#{item.noticeId}
			,#{item.noticeTitle}
			,now()
			,#{item.noticeContent}
			)
		</foreach>
	</insert>

	<delete id="delete_list">		
		DELETE FROM  NOTICE		
		WHERE NOTICE_ID in (
		<foreach collection="list" item="item" separator=",">
				#{item.noticeId}
		</foreach>
		)		
	</delete>

	<select id="total" resultType="float">
		select COUNT(*) from (<include refid="search"></include>) M	
	</select>

	

</mapper>