<?xml version="1.0" encoding="UTF-8"?>
<!DOCTYPE mapper PUBLIC "-//mybatis.org//DTD Mapper 3.0//EN" "http://mybatis.org/dtd/mybatis-3-mapper.dtd" >
	
<mapper namespace="plantLevel">
  <select id="list" resultType="PlantLevel">
	SELECT * FROM PLANT_LEVEL
  </select>
  
  <select id="item" resultType="PlantLevel">
  	SELECT * FROM PLANT_LEVEL where PLANT_ID = #{plantLevelId} and PLANT_LEVEL_ID = 5
  </select>
  
  <insert id="add">
  	INSERT INTO PLANT_LEVEL
  	VALUES (#{plantLevelId}, #{plantId}, #{plantImage})
  </insert>
  
  <update id="update">
  	UPDATE PLANT_LEVEL
  	SET PLANT_LEVEL_ID=#{plantLevelId}, 
  		PLANT_ID=#{plantId}, 
  		PLANT_IMAGE=#{plantImage}
  	WHERE PLANT_LEVEL_ID=#{plantLevelId}
  </update>
  
  <delete id="delete">
  	DELETE FROM PLANT_LEVEL
  	WHERE PLANT_LEVEL_ID=#{plantLevelId}
  </delete>
  
  <select id="maturePlant" resultType="PlantLevel">
  	select * from PLANT_LEVEL
  	WHERE PLANT_LEVEL_ID= 5;
  </select>
  
  <!--대량 처리 -->
	<select id="list_pager" resultType="PlantLevel">
		<include refid="search"></include>
		LIMIT #{offset}, #{perPage}
	</select>
	
	<sql id="search">
		SELECT m.*,s.PLANT_NAME FROM PLANT_LEVEL m		
		JOIN PLANT s on m.PLANT_ID = s.PLANT_ID
		<where>
			<if test="(search == 'total' or search == 'plantId') and keyword != ''">OR PLANT_NAME like #{searchKeyword}</if>
			<if test="(search == 'total' or search == 'plantLevelId') and keyword != ''">OR PLANT_LEVEL_ID like #{searchKeyword}</if>
		</where>
	</sql>

	<select id="update_list" resultType="PlantLevel">
		Insert into PLANT_LEVEL
		values
		<foreach collection="list" item="item" separator=",">
			(#{item.plantId},#{item.plantLevelId},#{item.plantImage})
		</foreach>
		on duplicate key update
		PLANT_IMAGE = VALUES(PLANT_IMAGE)
		
	
	</select>

	<insert id="insert_list">
		INSERT INTO PLANT_LEVEL
		VALUES
		<foreach collection="list" item="item" separator="," index="index">
			(
			#{item.plantId}
			,#{item.plantLevelId}
			,#{item.plantImage}
			)
		</foreach>
	</insert>

	<delete id="delete_list">		
		DELETE FROM  PLANT_LEVEL		
		WHERE (PLANT_ID,PLANT_LEVEL_ID) in (
		<foreach collection="list" item="item" separator=",">
				(#{item.plantId},#{item.plantLevelId})
		</foreach>
		)		
	</delete>

	<select id="total" resultType="float">
		select COUNT(*) from (<include refid="search"></include>) C
	</select>

	<select id="combo" resultType="ComboItem">
		SELECT "0" AS "table",
		PLANT_ID AS "id", PLANT_NAME AS "text"
		FROM PLANT
		
	</select>
	
	<select id="plantImage" resultMap="PlantImageMap">
		select PLANT_ID, PLANT_LEVEL_ID, PLANT_IMAGE FROM PLANT_LEVEL
		order by PLANT_ID, PLANT_LEVEL_ID
		
	</select>
	
	<resultMap type="PlantImage" id="PlantImageMap">
		<id column="PLANT_ID" property="plantId"/>
		<collection property="plantImage" column="PLANT_IMAGE" ofType="String" javaType="ArrayList">
			<id column="PLANT_IMAGE" property="plantImage"/>
		</collection>
		
	</resultMap>
</mapper>
