<?xml version="1.0" encoding="UTF-8"?>
<!DOCTYPE mapper PUBLIC "-//mybatis.org//DTD Mapper 3.0//EN" "http://mybatis.org/dtd/mybatis-3-mapper.dtd" >
<mapper namespace="plant">


	<select id="list" resultType="Plant">
		SELECT * FROM PLANT
	</select>
	
	<select id="item" resultType="Plant">
		SELECT * FROM PLANT
		WHERE PLANT_ID = #{plantId}
	</select>
	
	<insert id="add">
		INSERT INTO PLANT
		VALUES (#{plantId},#{plantName},#{plantCategory},#{plantInfo}, #{plantShadow}, #{plantThumbnail})
	</insert>
	
	<update id="update">
		UPDATE PLANT
		SET PLANT_ID=#{plantId}, 
			PLANT_NAME=#{plantName},
			PLANT_CATEGORY=#{plantCategory},
			PLANT_INFO=#{plantInfo},
			PLANT_SHADOW=#{plantShadow},
			PLANT_THUMBNAIL = #{plantThumbnail}
		WHERE PLANT_ID=#{plantId}
	</update>
	
	<delete id="delete">
		DELETE FROM PLANT
		WHERE PLANT_ID=#{plantId}
	</delete>
	
	<!--대량 처리 -->
	<select id="list_pager" resultType="Plant">
		SELECT * FROM (<include refid="search"></include>) M		
		LIMIT #{offset}, #{perPage}
	</select>
	
	<sql id="search">
		select * from PLANT
		<where>
			<if test="(search == 'total' or search == 'plantId') and keyword != ''">OR PLANT_ID like #{searchKeyword}</if>
			<if test="(search == 'total' or search == 'plantName') and keyword != ''">OR PLANT_NAME like #{searchKeyword}</if>
			<if test="(search == 'total' or search == 'plantCategory') and keyword != ''">OR PLANT_CATEGORY in (select ID from (<include refid="combo0"></include>) category where TEXT like #{searchKeyword})</if>
		</where>
	</sql>

	<select id="update_list" resultType="Plant">
		Insert into PLANT
		values
		<foreach collection="list" item="item" separator=",">
			(#{item.plantId},#{item.plantName},#{item.plantCategory},#{item.plantInfo},#{item.plantShadow}, #{item.plantThumbnail})
		</foreach>
		on duplicate key update
		PLANT_NAME = VALUES(PLANT_NAME)	
		, PLANT_CATEGORY = VALUES(PLANT_CATEGORY)
		, PLANT_INFO = VALUES(PLANT_INFO)
		, PLANT_SHADOW = VALUES(PLANT_SHADOW)
		, PLANT_THUMBNAIL = VALUES(PLANT_THUMBNAIL)
	
	</select>

	<insert id="insert_list">
		INSERT INTO PLANT
		VALUES
		<foreach collection="list" item="item" separator="," index="index">
			(null
			,#{item.plantName}
			,#{item.plantCategory}
			,#{item.plantInfo}
			,#{item.plantShadow}
			,#{item.plantThumbnail}
			)
		</foreach>
	</insert>

	<delete id="delete_list">		
		DELETE FROM  PLANT		
		WHERE PLANT_ID in (
		<foreach collection="list" item="item" separator=",">
				#{item.plantId}
		</foreach>
		)		
	</delete>

	<select id="total" resultType="float">
		select COUNT(*) from (<include refid="search"></include>) M	
	</select>

	<select id="combo" resultType="ComboItem">
		<include refid="combo0"></include>
	</select>
	
	<sql id="combo0">
		SELECT "0" AS "table",
		'tree' AS "ID", '나무' AS "TEXT"
		UNION
		SELECT "0" AS "table",
		'flower' AS "ID", '꽃' AS "TEXT"		
	</sql>
</mapper>
