<?xml version="1.0" encoding="UTF-8"?>
  <!DOCTYPE mapper
  PUBLIC "-//mybatis.org//DTD Mapper 3.0//EN"
  "http://mybatis.org/dtd/mybatis-3-mapper.dtd">
  <mapper namespace="searchList">
  
  <select id="list" resultType="SearchList">
  	SELECT * FROM SEARCH_LIST
  </select>
  
  <select id="item" resultType="SearchList">
  	SELECT * FROM SEARCH_LIST
  	WHERE SEARCH_ID=#{searchId}
  </select>
  
  <insert id="add">
  <!-- 	INSERT INTO SEARCH_LIST
  	VALUES (#{userId}, {searchId}, null) -->
  	
  	INSERT INTO SEARCH_LIST (#{userId}, #{searchId}, #{searchWord})
	VALUES (#{userId},
	 		(SELECT IFNULL(MAX(#{searchId}) + 1, 1) FROM SEARCH_LIST S),
	 		 #{searchWord})
  </insert>
  
  <update id="update">
  	UPDATE SEARCH_LIST
  	SET USER_ID=#{userId}, 
  		SEARCH_ID=#{searchId}, 
  		SEARCH_WORD=#{searchWord}
  	WHERE SEARCH_LIST=#{searchList}
  </update>
  
  <delete id="delete">
  	DELETE FROM SEARCH_LIST
  	WHERE SEARCH_ID=#{searchId}
  </delete>

<!-- searchWord(최근검색 제품명),searchId(최근검색 제품아이디) 리스트 구현해주세요
	model.addAttribute("latestProductList",new ArrayList<String>());
 -->
  <select id="search">
	SELECT SEARCH_WORD, SEARCH_ID
  	FROM SEARCH_LIST
  	WHERE USER_ID=#{userId}
  	ORDER BY SEARCH_ID DESC
 	<!-- 검색 날짜 필요? -->
  </select>
  
  </mapper>